"	",描述,图片数
"1	紫峰大厦","南京紫峰大厦位于南京市鼓楼区中央路1号（鼓楼广场旁），由美国SOM建筑设计事务所设计，主创为阿德里安·史密斯，2010年投用。总高度450米（含天线），屋顶高度381米，主楼地上89层，总建筑面积约26万平方米，是江苏省第一高楼。
2	紫峰大厦集超5A甲级写字楼、洲际酒店、商业中心于一体。72层为360°全景观光层，地面高度288.6米，采用瑞士迅达电梯，38秒即可到达，东眺紫金山/玄武湖，西望长江，南瞰新街口，北观幕府山。设计灵感融合龙文化、扬子江、园林城市三种中国元素，建成时为中国第二高楼、世界第七高楼，是世界首座完全由中国投资建设的超级摩天大楼。",1
"3	南京眼步行桥","南京眼步行桥位于南京市建邺区河西新城青奥轴线中轴，是长江上首座观光步行桥。2013年1月开工，2014年8月投用。总长827.5米（主桥531.5米），主跨240米，为双塔双索面钢箱梁斜拉桥。
4	桥塔为两个倾斜的椭圆形圆环，向岸侧倾斜35度，塔竖向高82.5米，形如两只眼睛望向天空，南京眼""由此得名。全桥共36根斜拉索，羽翼般振翅向上。2015年荣获第32届阿瑟·海顿奖（国际桥梁工程界大奖），是中国桥梁首次获得该奖项。桥面每平方米荷载0.35吨，最多可容纳约4万人。免费全天开放，已成为南京新地标。""",1
"5	牛首山佛顶宫","牛首山佛顶宫位于南京市江宁区牛首山文化旅游区内，建于废弃矿坑之上，2012年开工，2015年建成开放。长220米，宽160米，总体高度89.3米，单体建筑面积约13.6万平方米，总投资约40亿元，获鲁班奖和詹天佑奖。
6	佛顶宫外空间分为大穹顶与小穹顶：大穹顶长120米形如佛祖袈裟，小穹顶形如佛祖发髻（摩尼宝珠造型），基座由56座飞天菩提门和56根云门如意柱组成莲花托珍宝""意象。内部共九层（地上三层、地下六层），三大空间为禅境大观（供奉7.5米铜铸释迦牟尼涅槃卧像）、舍利大殿（矗立21.8米高舍利大塔）、舍利藏宫（地下44米深处供奉释迦牟尼佛顶骨舍利，每年仅开放约13天）。被誉为""世界佛教文化新遗产，当代建筑艺术新景观""。门票98元。""",2
"7	大报恩寺琉璃塔",大报恩寺琉璃塔位于南京市秦淮区中华门外雨花路1号大报恩寺遗址公园内，前身为明代大报恩寺琉璃宝塔，被列为中世纪世界七大奇迹"之一，与罗马大斗兽场、比萨斜塔等齐名，被当时西方人视为代表中国的标志性建筑。,
"8	明代琉璃塔",由明成祖朱棣敕建，明永乐十年（1412年）动工，宣德六年（1431年）竣工，历时近20年，耗资248.5万两银子，动用匠人与军工10万人。塔高约78.2米，九层八面，通体用琉璃烧制，白瓷贴面，塔内外置长明灯146盏，角梁下悬挂风铃152个，被誉为"天下第一塔"。清咸丰六年（1856年）毁于太平天国"天京事变"。2008年在遗址地宫出土"七宝阿育王塔"及佛顶真骨等珍贵文物。2015年遗址公园开放，原址建成轻质钢架玻璃保护塔（高93.157米），夜间利用LED灯光再现"琉光塔影"。国家AAAA级旅游景区。",
"9	南京长江大桥",南京长江大桥位于南京市鼓楼区下关与浦口区之间，是长江上第一座由中国自行设计和建造的双层式铁路、公路两用桥梁，素有争气桥"之称。1960年1月动工，1968年12月公路桥通车，总造价约2.876亿元。,
"11	青奥中心(双子塔)",南京青奥中心（双子塔）位于南京市建邺区邺城路8号，正式名称为南京国际青年文化中心，由建筑界解构主义大师"扎哈·哈迪德设计。2012年4月开工，2018年10月竣工，总建筑面积约49万平方米。,
"13	江苏大剧院","江苏大剧院位于南京市建邺区梦都大街181号，东接奥体中心，西临长江。2012年奠基，2017年8月5日正式开业，是中国最大的现代化大剧院、亚洲最大的剧院综合体。占地面积约19.66万平方米，建筑面积27.14万平方米。2018-2019年度获鲁班奖。
14	造型以荷叶水滴""为主题，四颗""水滴""建筑栖息在""荷叶""高架平台上，表达""水韵江苏""理念。设有六大功能厅：歌剧厅（2037座，自然扩声设计）、音乐厅（1476座，奥地利Rieger管风琴）、戏剧厅（1014座，直径18米鼓筒式转台）、综艺厅（2540座）、国际报告厅（746座）、多功能厅（325座）。内部装饰有总长40.47米的红木雕版《姑苏繁华图》等艺术珍品。""",1
"15	金陵饭店",金陵饭店位于南京市鼓楼区汉中路2号（新街口西北角），1983年10月4日开业。一期37层高110米，建成时为中国第一高楼"，由香港巴马丹拿集团设计，是新加坡华商陶欣伯推动并经邓小平亲自批准建设的中国首批6家旅游饭店之一。,
"16	金陵饭店创造了多项""中华第一""：中国第一高楼、第一家由中国人自己管理的大型现代化酒店、第一个高层旋转餐厅——璇宫（36层，1小时转一圈）、第一部高速电梯（29秒直达）、第一个高楼直升机停机坪。开业时被国际媒体视为""中国改革开放的窗口""。2013年三期亚太商务楼建成（53层242米），客房总数达千间。2014年被认定为南京不可移动文物，2017年成为南京首幢税收贡献超10亿元的商务楼宇。""",1,
"17	四方当代美术馆建筑群",南京四方当代美术馆建筑群位于南京市浦口区珍七路9号佛手湖畔，属于中国国际建筑艺术实践展"项目，历时十余年建成。建筑群汇集超过24座国际建筑大师的杰作，是全球独一无二的艺术与建筑融合的人文景观。,
"18	参与建筑师包括美国斯蒂文·霍尔（美术馆主体设计者）、日本矶崎新（会议中心）、妹岛和世（流动空间）、英国戴维·艾德加耶（光盒子）、中国王澍（三合宅，2012年普利兹克奖得主）、张永和（吊脚楼）、艾未未（六间）等。美术馆以平行透视法设计，悬浮的轻质量体与竹子制成的黑色混凝土花园墙形成视觉对比，被誉为""最美的山中美术馆""。""",2,
"19	南京国际青年文化中心","南京国际青年文化中心即青奥中心双子塔，位于南京市建邺区邺城路8号，由扎哈·哈迪德设计，2018年竣工。总建筑面积约49万平方米，由两座塔楼和裙楼组成，是2014年南京青奥会的重要配套设施。
20	建筑以立体流线型外观著称，造型如一艘现代化帆船，设计灵感源于南京云锦，流畅的线条将文化中心、CBD、滨江公园及江心洲串联起来。北塔314.5米为卓美亚酒店及写字楼，南塔249.5米为国际青年会议酒店。裙楼设有保利大剧院、金色音乐厅、大型宴会厅等。该建筑是河西新城的地标性建筑，与南京眼步行桥共同构成滨江天际线。",1
"21	鼓楼广场","南京鼓楼广场位于南京市鼓楼区与玄武区交汇处，因西侧明代南京鼓楼而得名，是南京市中心重要的交通枢纽和城市地标。民国28年（1939年）始建，总面积约3.87万平方米，为五条主干道（中山路、中山北路、中央路、北京东路、北京西路）的交汇点，是南京市内最大的交通环岛广场之一。
22	中心环岛设有名为欢乐祥和""的大型孔雀绿雕，两只""孔雀""造型高达8米、长约70米，寓意""有凤来仪""，每年整体换装2次。周边汇集紫峰大厦、鼓楼公园（鼓楼始建于1382年，省级文物保护单位）、鼓楼市民广场等。地铁1号线和4号线在此设鼓楼站。""",1
